[{"id":"1","employee_name":"rujal","employee_salary":"12000","employee_age":"19","DOB":"2017-10-14T22:11:20"},
{"id":"224233","employee_name":"A2","employee_salary":"0","employee_age":"0","DOB":"2019-11-24T22:11:20"},
{"id":"224234","employee_name":"xdf","employee_salary":"52000","employee_age":"41","DOB":"2017-10-14T22:11:20"},
{"id":"224236","employee_name":"Lucy Kuhn","employee_salary":"373","employee_age":"30","DOB":"2018-07-07T22:11:20"},
{"id":"224246","employee_name":"km-test-3","employee_salary":"123","employee_age":"23","DOB":"2017-10-14T22:11:20"},
{"id":"224247","employee_name":"John2","employee_salary":"1","employee_age":"1","DOB":"2018-07-07T22:11:20"},
{"id":"224248","employee_name":"Peter2","employee_salary":"2","employee_age":"2","DOB":"2019-11-24T22:11:20"},
{"id":"224250","employee_name":"snehal","employee_salary":"3","employee_age":"3","DOB":"2018-07-07T22:11:20"},
{"id":"224251","employee_name":"'ertyknbvfr'2019-12-23 13:50:51.302438","employee_salary":"2019","employee_age":"0","DOB":"2017-10-14T22:11:20"},
{"id":"224254","employee_name":"John3","employee_salary":"1","employee_age":"1","DOB":"2018-07-07T22:11:20"},
{"id":"224255","employee_name":"Peter3","employee_salary":"2","employee_age":"2","DOB":"2017-10-14T22:11:20"},
{"id":"224256","employee_name":"Mary3","employee_salary":"3","employee_age":"3","DOB":"2018-07-07T22:11:20"},
{"id":"224265","employee_name":"piyush","employee_salary":"20283","employee_age":"12","DOB":"2018-07-07T22:11:20"},
{"id":"224268","employee_name":"Keith","employee_salary":"65148","employee_age":"53","DOB":"2019-11-24T22:11:20"},
{"id":"224270","employee_name":"Lukasz54144","employee_salary":"30000","employee_age":"35","DOB":"2018-07-07T22:11:20"},
{"id":"224271","employee_name":"Marta54144","employee_salary":"9200","employee_age":"21","DOB":"2017-10-14T22:11:20"},
{"id":"224272","employee_name":"Filip54144","employee_salary":"54345","employee_age":"44","DOB":"2018-07-07T22:11:20"},
{"id":"224273","employee_name":"Mariusz54144","employee_salary":"4433","employee_age":"29","DOB":"2019-11-24T22:11:20"},
{"id":"224274","employee_name":"Michal54153","employee_salary":"150000","employee_age":"32","DOB":"2017-10-14T22:11:20"},
{"id":"224275","employee_name":"Karol54155","employee_salary":"150000","employee_age":"32","DOB":"2018-07-07T22:11:20"},
{"id":"224276","employee_name":"MichalUpd54157","employee_salary":"1100000","employee_age":"66","DOB":"2018-07-07T22:11:20"},
{"id":"224281","employee_name":"ali","employee_salary":"564","employee_age":"26","DOB":"2018-07-07T22:11:20"},
{"id":"224283","employee_name":"piyush12","employee_salary":"20283","employee_age":"22","DOB":"2017-10-14T22:11:20"},
{"id":"224286","employee_name":"test2","employee_salary":"564","employee_age":"26","DOB":"2019-11-24T22:11:20"},
{"id":"224291","employee_name":"Dincy","employee_salary":"5000","employee_age":"20","DOB":"2017-10-14T22:11:20"}]